acuarelapy@hotmail.com,Acuarela,http://www.karuguasu.com/comer-en/acuarela/
ajuapy@gmail.com,Ajua,http://www.karuguasu.com/comer-en/ajua/
istanbul.nargile.cafe@gmail.com,Ala Turka,http://www.karuguasu.com/comer-en/ala-turka/
info@almacendelplata.com,Almacén del Plata,http://www.karuguasu.com/comer-en/almacen-del-plata/
antonieta.panypastel@gmail.com,Antonieta Pan & Pastel,http://www.karuguasu.com/comer-en/antonieta-pan-pastel/
aquimadridgrill@gmail.com,Aqui Madrid,http://www.karuguasu.com/comer-en/aqui-madrid/
asunciondeayer@gmail.com,Asunción de Ayer Café Boutique,http://www.karuguasu.com/comer-en/asuncion-de-ayer-cafe-boutique/
asuncionpizzadelivery@gmail.com,Asunción Pizza,http://www.karuguasu.com/comer-en/asuncion-pizza/
atipicosalad@gmail.com,Atipico,http://www.karuguasu.com/comer-en/atipico/
b.gimenezirun@gmail.com,Bar Leo,http://www.karuguasu.com/comer-en/bar-leo-villa-morra/
b.gimenezirun@gmail.com,Bar Leo,http://www.karuguasu.com/comer-en/bar-leo-casa-central/
b.gimenezirun@gmail.com,Bar Leo,http://www.karuguasu.com/comer-en/bar-leo-cerro-cora/
jorge@bellini.com.py,Bellini,http://www.karuguasu.com/comer-en/bellini-mariscal-lopez/
jorge@bellini.com.py,Bellini,http://www.karuguasu.com/comer-en/bellini-palma/
jorge@bellini.com.py,Bellini,http://www.karuguasu.com/comer-en/bellini-pinedo/
jorge@bellini.com.py,Bellini,http://www.karuguasu.com/comer-en/bellini-carmelitas/
beokaypy@gmail.com,Be Okay,http://www.karuguasu.com/comer-en/be-okay/
bienmesabespy@hotmail.com,Bienmesabes,http://www.karuguasu.com/comer-en/bienmesabes/
reservas@boipreto.com.py,Boi Preto,http://www.karuguasu.com/comer-en/boi-preto/
brasaylenhachurrasqueria@outlook.com,Brasa & Leña churrasqueria,http://www.karuguasu.com/comer-en/brasa-lena-churrasqueria/
britpub@rieder.net.py,Britannia Pub,http://www.karuguasu.com/comer-en/britannia-pub/
cactusbarasuncion@gmail.com,Cactus Bar,http://www.karuguasu.com/comer-en/cactus-bar/
marcelo.berenstein@gmail.com,Café Café,http://www.karuguasu.com/comer-en/cafe-cafe/
contacto@cafedelagracia.com,Cafe de la Gracia,http://www.karuguasu.com/comer-en/cafe-de-la-gracia/
cafeny@outlook.com,CafeEny,http://www.karuguasu.com/comer-en/cafeeny/
cafeny@outlook.com,CafeEny,http://www.karuguasu.com/comer-en/cafeeny/
pampliegacc@yahoo.es,Café Martínez,http://www.karuguasu.com/comer-en/cafe-martinez-centro/
pampliegacc@yahoo.es,Café Martínez,http://www.karuguasu.com/comer-en/cafe-martinez-shopping-mariscal/
pampliegacc@yahoo.es,Café Martínez,http://www.karuguasu.com/comer-en/cafe-martinez-shopping-pinedo/
pampliegacc@yahoo.es,Café Martínez,http://www.karuguasu.com/comer-en/cafe-martinez-shopping-del-sol/
pampliegacc@yahoo.es,Café Martínez,http://www.karuguasu.com/comer-en/cafe-martinez-marketplace/
vintage.cafe@hotmail.com,Café Vintage,http://www.karuguasu.com/comer-en/cafe-vintage/
carlosg44@gmail.com,Capitan Cocina Tradicional,http://www.karuguasu.com/comer-en/capitan-cocina-tradicional/
carlosg44@gmail.com,Capitan Cocina Tradicional,http://www.karuguasu.com/comer-en/capitan-cocina-tradicional/
cariocaresto@gmail.com,Carioca Resto,http://www.karuguasu.com/comer-en/carioca-resto/
cecilia.grossbrown@gmail.com,Ceci Gross Pastelería,http://www.karuguasu.com/comer-en/ceci-gross-pasteleria/
infocentralbar@gmail.com,Central Bar,http://www.karuguasu.com/comer-en/central-bar/
info@chantilly.com.py,Chantilly,http://www.karuguasu.com/comer-en/chantilly/
sebastian.brizuela@gmail.com,Charlie Way Bar,http://www.karuguasu.com/comer-en/charlie-way-bar/
info@lachoperiadelpuerto.com,Choperia del Puerto,http://www.karuguasu.com/comer-en/choperia-del-puerto/
cimarronelcopetin@gmail.com,Cimarrón El Copetín,http://www.karuguasu.com/comer-en/cimarron-el-copetin/
happy_2789@hotmail.com,Combitos,http://www.karuguasu.com/comer-en/combitos/
eventos@crepellapy.com,Crêpella,http://www.karuguasu.com/comer-en/crepella/
contacto@delacasapederzani.com.py,De La Casa Pederzani,http://www.karuguasu.com/comer-en/de-la-casa-pederzani/
diverssopy@gmail.com,Diversso Salad Bar,http://www.karuguasu.com/comer-en/diversso-salad-bar/
hola@dominos.com.py,Domino´s Pizza,http://www.karuguasu.com/comer-en/dominos-pizza-santisima-trinidad/
hola@dominos.com.py,Domino´s Pizza,http://www.karuguasu.com/comer-en/dominos-pizza-villa-aurelia/
gerenciaelbar@gmail.com,El Bar,http://www.karuguasu.com/comer-en/el-bar/
marketing@bolsi.com.py,El Bolsi,http://www.karuguasu.com/comer-en/el-bolsi/
contacto@elcafedeaca.com,El Café de acá,http://www.karuguasu.com/comer-en/el-cafe-de-aca/
elefanteblancopy@gmail.com,Elefante Blanco,http://www.karuguasu.com/comer-en/elefante-blanco/
elgranelasuncion@gmail.com,El Granel,http://www.karuguasu.com/comer-en/el-granel/
info@elheladero.com.py,El Heladero,http://www.karuguasu.com/comer-en/el-heladero/
info@elheladero.com.py,El Heladero,http://www.karuguasu.com/comer-en/el-heladero-central/
info@elheladero.com.py,El Heladero,http://www.karuguasu.com/comer-en/el-heladero-la-victoria/
info@elheladero.com.py,El Heladero,http://www.karuguasu.com/comer-en/el-heladero-luque/
info@elheladero.com.py,El Heladero Boutique,http://www.karuguasu.com/comer-en/el-heladero-boutique/
elmigrantebistro@gmail.com,El Migrante,http://www.karuguasu.com/comer-en/el-migrante/
elviejomarino@hotmail.com,El viejo marino,http://www.karuguasu.com/comer-en/el-viejo-marino/
reservas@entrecote.com.py,Entrecotte Steakhouse and Pasta,http://www.karuguasu.com/comer-en/entrecotte-steakhouse-and-pasta/
restauranteselugar@gmail.com,Ese Lugar,http://www.karuguasu.com/comer-en/ese-lugar/
feniciarestaurant@gmail.com,Fenicia,http://www.karuguasu.com/comer-en/fenicia/
fiordilatte.asuncion@gmail.com,Fior di Latte,http://www.karuguasu.com/comer-en/fior-di-latte/
comidadevereda@gmail.com,Furgo Burgers,http://www.karuguasu.com/comer-en/furgoburgers/
reservas@gambini.com.py,Gambini,http://www.karuguasu.com/comer-en/gambini/
info@greenisbetter.com.py,Green is Better,http://www.karuguasu.com/comer-en/green-better/
gustopy@gmail.com,Gusto ,http://www.karuguasu.com/comer-en/gusto/
palomas@tigo.com.py,Hacienda Las Palomas,http://www.karuguasu.com/comer-en/hacienda-las-palomas/
marketing@HRCAsuncion.com,Hard Rock Café Paraguay,http://www.karuguasu.com/comer-en/hard-rock-cafe-paraguay/
reservashippiechic@gmail.com,Hippie Chic,http://www.karuguasu.com/comer-en/hippie-chic/
hiroshima@internetpersonal.com.py,Hiroshima,http://www.karuguasu.com/comer-en/hiroshima-choferes/
hiroshima@internetpersonal.com.py,Hiroshima,http://www.karuguasu.com/comer-en/hiroshima-manzana-t/
pedidos.honey@confiteriahoney.com,Honey,http://www.karuguasu.com/comer-en/honey/
honolulupy@gmail.com,Honolulu,http://www.karuguasu.com/comer-en/honolulu/
ilbambupizzas@outlook.com,Il Bambú Pizzas,http://www.karuguasu.com/comer-en/il-bambu/
ilcapovm@ilcapo.com.py,Il Capo,http://www.karuguasu.com/comer-en/il-capo-villa-mora/
ilcapoperu@ilcapo.com.py,Il Capo,http://www.karuguasu.com/comer-en/il-capo-peru/
ilcapoexpress@ilcapo.com.py,Il Capo,http://www.karuguasu.com/comer-en/il-capo-express/
ilfornodellanonna@gmail.com,Il Forno de la nona,http://www.karuguasu.com/comer-en/il-forno-de-la-nona/
contacto@ilmangiare.com.py,IL Mangiare,http://www.karuguasu.com/comer-en/il-mangiare-manzana-t/
contacto@ilmangiare.com.py,IL Mangiare,http://www.karuguasu.com/comer-en/il-mangiare-mariscal-lopez/
contacto@ilmangiare.com.py,IL Mangiare,http://www.karuguasu.com/comer-en/il-mangiare-shopping-mariano/
contacto@ilmangiare.com.py,IL Mangiare,http://www.karuguasu.com/comer-en/il-mangiare-espana/
contacto@ilmangiare.com.py,IL Mangiare,http://www.karuguasu.com/comer-en/il-mangiare-excelsior/
info@indigo.com.py,Indigo,http://www.karuguasu.com/comer-en/indigo/
kamastro@netvision.com.py,Kamastro,http://www.karuguasu.com/comer-en/kamastro/
karu@karu.com.py,Karu,http://www.karuguasu.com/comer-en/karu/
info@kilkenny.com.py,Kilkenny,http://www.karuguasu.com/comer-en/kilkenny/
slowpizzapy@gmail.com,Kure Dumas Slow Pizza,http://www.karuguasu.com/comer-en/kure-dumas-slow-pizza/
infolabrioche@gmail.com,La Brioche,http://www.karuguasu.com/comer-en/la-brioche/
info@lacachamba.com,La Cachamba,http://www.karuguasu.com/comer-en/la-cachamba/
ailatandominguez@hotmail.com,La casa de Don Manuel,http://www.karuguasu.com/comer-en/la-casa-de-don-manuel/
lacasadelcostillar@gmail.com,La Casa del Costillar,http://www.karuguasu.com/comer-en/la-casa-del-costillar/
yudith_admen@hotmail.com,La Casita Gourmet de Yudith,http://www.karuguasu.com/comer-en/la-casita-gourmet-de-yudith/
laccocardarossa@hotmail.com,La Coccarda Rossa,http://www.karuguasu.com/comer-en/la-coccarda-rossa/
laconsentidapy@gmail.com,La Consentida del Patron,http://www.karuguasu.com/comer-en/la-consentida-del-patron/
laescuadrarestaurante@hotmail.com,La Escuadra,http://www.karuguasu.com/comer-en/la-escuadra/
lafabricaresto2013@gmail.com,La Fabrica Restó,http://www.karuguasu.com/comer-en/la-fabrica-resto/
lafogonerapy@gmail.com,La Fogonera,http://www.karuguasu.com/comer-en/la-fogonera/
lafonda2013@hotmail.com,La Fonda,http://www.karuguasu.com/comer-en/la-fonda/
lagourmande.py@gmail.com,La Gourmande,http://www.karuguasu.com/comer-en/la-gourmande/
laguitarritapy@gmail.com,La Guitarrita,http://www.karuguasu.com/comer-en/la-guitarrita/
lahuertapy@gmail.com,La Huerta Slow Food,http://www.karuguasu.com/comer-en/la-huerta-slow-food/
lebrel.in@hotmail.com,La Malquerida,http://www.karuguasu.com/comer-en/la-malquerida/
info@lamiga.com.py,La Miga,http://www.karuguasu.com/comer-en/la-miga/
churrasquerialamolleja@gmail.com,La Molleja,http://www.karuguasu.com/comer-en/la-molleja/
rest-paraguayita@hotmail.com,La Paraguayita,http://www.karuguasu.com/comer-en/la-paraguayita/
bistrolaparisienne@gmail.com,La Parisienne Bistró,http://www.karuguasu.com/comer-en/la-parisienne-bistro/
lapatiss6@gmail.com,La Patisserie,http://www.karuguasu.com/comer-en/la-patisserie/
recepcion@lapergola.com.py,La Pérgola Jardin,http://www.karuguasu.com/comer-en/la-pergola/
ristorantelpti@gmail.com,La Piccola Trattoria ,http://www.karuguasu.com/comer-en/la-piccola-trattoria/
info@lapreferida.com.py,La Preferida,http://www.karuguasu.com/comer-en/la-preferida/
eventos@laroca.com.py,La Roca,http://www.karuguasu.com/comer-en/la-roca/
soytucalacafiel@gmail.com,Las 3 Calacas,http://www.karuguasu.com/comer-en/las-3-calacas/
hola@lasdoma.com,Las Doma,http://www.karuguasu.com/comer-en/las-doma/
hola@lasemilla.com.py,La Semilla,http://www.karuguasu.com/comer-en/la-semilla/
informaciones@lasmargaritas.com.py,Las Margaritas,http://www.karuguasu.com/comer-en/las-margaritas/
lasmezitasmm@gmail.com,Las Mezitas,http://www.karuguasu.com/comer-en/las-mezitas/
laspetrucci@gmail.com,Las Petrucci,http://www.karuguasu.com/comer-en/las-petrucci/
laspiedraspizza@gmail.com,Las Piedras,http://www.karuguasu.com/comer-en/las-piedras/
latertulia.py@gmail.com,La Tertulia,http://www.karuguasu.com/comer-en/la-tertulia/
reservas@latte.com.py,Latte Chocolate,http://www.karuguasu.com/comer-en/latte-chocolate/
laverdepy@gmail.com,La Verde,http://www.karuguasu.com/comer-en/la-verde/
la.vida.verde.py@gmail.com,La vida verde,http://www.karuguasu.com/comer-en/la-vida-verde/
laviejafarola@outlook.com,La Vieja Farola,http://www.karuguasu.com/comer-en/la-vieja-farola/
info@lavienesa.com.py,La Vienesa ,http://www.karuguasu.com/comer-en/la-vienesa-julio-correa/
info@lavienesa.com.py,La Vienesa ,http://www.karuguasu.com/comer-en/la-vienesa-central/
info@lavienesa.com.py,La Vienesa ,http://www.karuguasu.com/comer-en/la-vienesa-espana/
info@lavienesa.com.py,La Vienesa ,http://www.karuguasu.com/comer-en/la-vienesa-alberdi/
info@lavienesa.com.py,La Vienesa ,http://www.karuguasu.com/comer-en/la-vienesa-mariscal-lopez/
info@lavienesa.com.py,La Vienesa ,http://www.karuguasu.com/comer-en/la-vienesa-fernando-de-la-mora/
lira.resto@gmail.com,Lira Resto,http://www.karuguasu.com/comer-en/lira-resto/
lomitotruckpy@gmail.com,Lomito Truck,http://www.karuguasu.com/comer-en/lomito-truck/
longbarpy@gmail.com,Long Bar,http://www.karuguasu.com/comer-en/long-bar/
lunavinerapy@gmail.com,Luna Vinera,http://www.karuguasu.com/comer-en/luna-vinera/
martaelenacatering@gmail.com,Marta Elena Catering & Eventos,http://www.karuguasu.com/comer-en/marta-elena-catering-eventos/
info@mburicao.com,Mburicao,http://www.karuguasu.com/comer-en/mburicao/
mlcbistropy@gmail.com,Medialunas Calentitas Bistro,http://www.karuguasu.com/comer-en/medialunas-calentitas-bistro/
meetandcheese@gmail.com,Meet&cheese,http://www.karuguasu.com/comer-en/meetcheese/
mercaditogourmet13@gmail.com,Mercadito,http://www.karuguasu.com/comer-en/el-mercadito/
miacassona@gmail.com,Mia Cassona,http://www.karuguasu.com/comer-en/mia-cassona/
rags10@hotmail.com,Mirador Loma San Jeronimo,http://www.karuguasu.com/comer-en/mirador-loma-san-jeronimo/
misterwupy@gmail.com,Mister Wu,http://www.karuguasu.com/comer-en/mister-wu/
info@mobydick.com.py,Moby Dick,http://www.karuguasu.com/comer-en/moby-dick/
reservas@mokai.com.py,Mokai,http://www.karuguasu.com/comer-en/mokai/
presidencia@marlonparaguay.com,Moreno y Cachafaz,http://www.karuguasu.com/comer-en/moreno-y-cachafaz/
ninjasbeergarden@gmail.com,Ninjas con apetito,http://www.karuguasu.com/comer-en/ninjas-con-apetito/
lara_barbieri@hotmail.com,Novecento,http://www.karuguasu.com/comer-en/novecento/
reservas@ogaucho.com.py,O Gaucho,http://www.karuguasu.com/comer-en/o-gaucho/
info@oharagastronomia.com,O'Hara Restaurante Escuela,http://www.karuguasu.com/comer-en/ohara-restaurante-escuela/
ohsusanapy@gmail.com,Oh Susana,http://www.karuguasu.com/comer-en/oh-susana/
contacto@onigiri.com.py,Onigiri ,http://www.karuguasu.com/comer-en/onigiri/
teatendemos@paletto.com.py,Paletto,http://www.karuguasu.com/comer-en/paletto-santa-teresa/
teatendemos@paletto.com.py,Paletto,http://www.karuguasu.com/comer-en/paletto-zubizarreta/
teatendemos@paletto.com.py,Paletto,http://www.karuguasu.com/comer-en/paletto-shopping-pinedo/
teatendemos@paletto.com.py,Paletto,http://www.karuguasu.com/comer-en/paletto-mall-excelsior/
teatendemos@paletto.com.py,Paletto,http://www.karuguasu.com/comer-en/paletto-shopping-villa-morra/
teatendemos@paletto.com.py,Paletto,http://www.karuguasu.com/comer-en/paletto-espana/
teatendemos@paletto.com.py,Paletto,http://www.karuguasu.com/comer-en/paletto-shopping-del-sol/
panchettopy@gmail.com,Panchetto,http://www.karuguasu.com/comer-en/panchetto/
panciapiena2010@gmail.com,Pancia Piena,http://www.karuguasu.com/comer-en/pancia-piena/
info@amopapaleta.com, Papaleta,http://www.karuguasu.com/comer-en/papaleta-central/
info@amopapaleta.com, Papaleta,http://www.karuguasu.com/comer-en/papaleta-marketplace/
info@amopapaleta.com, Papaleta,http://www.karuguasu.com/comer-en/papaleta-mariscal-lopez-shopping/
info@amopapaleta.com, Papaleta,http://www.karuguasu.com/comer-en/papaleta-central/
info@amopapaleta.com, Papaleta,http://www.karuguasu.com/comer-en/papaleta-mariscal-lopez-shopping/
info@amopapaleta.com, Papaleta,http://www.karuguasu.com/comer-en/papaleta-shopping-mariano/
info@amopapaleta.com, Papaleta,http://www.karuguasu.com/comer-en/papaleta-shopping-mariano/
info@amopapaleta.com, Papaleta,http://www.karuguasu.com/comer-en/papaleta-marketplace/
info@paracuandolavida.com,Para Cuando la Vida,http://www.karuguasu.com/comer-en/para-cuando-la-vida/
reservas@lamision.com.py,Paraqvaria,http://www.karuguasu.com/comer-en/paraqvaria/
reservas@lamision.com.py,Paraqvaria,http://www.karuguasu.com/comer-en/paraqvaria/
recepcion@hparis.com.py,París Bar,http://www.karuguasu.com/comer-en/paris-bar/
paulis.reservas@tigo.com.py,Paulista grill,http://www.karuguasu.com/comer-en/paulista-grill/
reservas@pazzo.com.py,Pazzo,http://www.karuguasu.com/comer-en/pazzo/
piamonte_1@hotmail.com,Piamonte,http://www.karuguasu.com/comer-en/piamonte/
marketing@piegari.com.py,Piegari,http://www.karuguasu.com/comer-en/piegari/
pinkcow.pedidos@gmail.com,Pink Cow,http://www.karuguasu.com/comer-en/pink-cow/
info@piratabar.com.py,Pirata Bar,http://www.karuguasu.com/comer-en/pirata-bar/
piroschka@westfalenhaus.com,Piroschka,http://www.karuguasu.com/comer-en/piroschka/
pizzaafondo@gmail.com,Pizza a Fondo,http://www.karuguasu.com/comer-en/pizza-fondo/
eballasch@pizzaromana.com.py,Pizza Romana,http://www.karuguasu.com/comer-en/pizza-romana-denis-roa/
eballasch@pizzaromana.com.py,Pizza Romana,http://www.karuguasu.com/comer-en/pizza-romana-julio-correa/
dobleh.joel@gmail.com,Pizza Tasty,http://www.karuguasu.com/comer-en/pizza-tasty/
lourdesbael22@hotmail.com,Pizzeria Candela ,http://www.karuguasu.com/comer-en/pizzeria-candela/
purpurabistro@montecristo-hotel.com.py,Purpura Bistro,http://www.karuguasu.com/comer-en/purpura-bistro/
restaurantkamambu@gmail.com,Resto Kamambu,http://www.karuguasu.com/comer-en/resto-kamambu/
restaurante.chino.rico@gmail.com,Rico Restaurante,http://www.karuguasu.com/comer-en/rico-restaurante/
rockerobar@gmail.com,Rockero,http://www.karuguasu.com/comer-en/rockero/
diegosalazarseifert@gmail.com,Rock N Food,http://www.karuguasu.com/comer-en/rock-n-food/
reserva@rodeogrill.com.py,Rodeo Grill,http://www.karuguasu.com/comer-en/rodeo-grill/
click@rodizio.com.py,Rodizio Churrasqueria,http://www.karuguasu.com/comer-en/rodizio-churrasqueria/
restauranterolandi@hotmail.com,Rolandi,http://www.karuguasu.com/comer-en/rolandi/
info@saboresalaglo.com.py,Sabores alagló,http://www.karuguasu.com/comer-en/sabores-alaglo/
hola@saboresdemitierra.com.py,Sabores de mi Tierra,http://www.karuguasu.com/comer-en/sabores-de-mi-tierra-central/
hola@saboresdemitierra.com.py,Sabores de mi Tierra,http://www.karuguasu.com/comer-en/sabores-de-mi-tierra-carmelitas/
hola@saboresdemitierra.com.py,Sabores de mi Tierra,http://www.karuguasu.com/comer-en/sabores-de-mi-tierra-federacion/
saladinajarpy@gmail.com,Salad in a Jar,http://www.karuguasu.com/comer-en/salad-jar/
info@samasushi.com,Sama Sushi,http://www.karuguasu.com/comer-en/sama-sushi-hub/
info@samasushi.com,Sama Sushi,http://www.karuguasu.com/comer-en/sama-sushi-hq/
sandoichi@hotmail.com,Sandoichi,http://www.karuguasu.com/comer-en/sandoichi-shopping-multiplaza/
sandoichi@hotmail.com,Sandoichi,http://www.karuguasu.com/comer-en/sandoichi-shopping-mariscal/
sanpietropy@gmail.com,San Pietro,http://www.karuguasu.com/comer-en/san-pietro/
contacto@santagula.com.py,Santa Gula,http://www.karuguasu.com/comer-en/santa-gula/
info@shangri-la.com.py,Shangrila,http://www.karuguasu.com/comer-en/shangrila/
reservas.asuncion@sheraton.com,Sheraton,http://www.karuguasu.com/comer-en/sheraton/
bistrosinreservas@gmail.com,Sin Reservas by Beto Álvarez,http://www.karuguasu.com/comer-en/sin-reservas/
smuchiasu@gmail.com,Smuchi,http://www.karuguasu.com/comer-en/smuchi/
terraza.mexicana@gmail.com,Sol Azteca,http://www.karuguasu.com/comer-en/sol-azteca/
sonsabores2014@gmail.com,Son Sabores,http://www.karuguasu.com/comer-en/son-sabores/
sottozeropy@gmail.com,Sotto Zero ,http://www.karuguasu.com/comer-en/sotto-zero/
stilocampo@internetpersonal.com.py,Stilo Campo Grill,http://www.karuguasu.com/comer-en/stilo-campo-grill/
restaurante.su.py@gmail.com,Su,http://www.karuguasu.com/comer-en/su/
sucrebistrobar@gmail.com,Sucre Bistro Bar,http://www.karuguasu.com/comer-en/sucre-bistro-bar/
sugar.confiteria@gmail.com,Sugar,http://www.karuguasu.com/comer-en/sugar-shopping-del-sol/
sugar.confiteria@gmail.com,Sugar,http://www.karuguasu.com/comer-en/sugar/
sushihouse.py@gmail.com,Sushi House,http://www.karuguasu.com/comer-en/sushi-house/
tabernaespa1985@gmail.com,Taberna Española,http://www.karuguasu.com/comer-en/taberna-espanola/
shoppingdelsol@talleyrand.com.py,Talleyrand,http://www.karuguasu.com/comer-en/talleyrand-shooping-del-sol/
mariscalestigarribia@talleyrand.com.py,Talleyrand,http://www.karuguasu.com/comer-en/talleyrand-centro/
teatimepy@gmail.com,Tea Time Bakery,http://www.karuguasu.com/comer-en/tea-time-bakery/
tgi@fridaysparaguay.com,T.G.I,http://www.karuguasu.com/comer-en/tgi-carmelitas/
tgi@fridaysparaguay.com,T.G.I,http://www.karuguasu.com/comer-en/tgi-centro/
tiamcaffe@gmail.com,Tiam Caffe,http://www.karuguasu.com/comer-en/tiam-caffe/
rafa@grupoalaire.com,Tiro al Aire,http://www.karuguasu.com/comer-en/tiro-al-aire/
info@todorico.com.py,Todo Rico,http://www.karuguasu.com/comer-en/todo-rico-espana/
info@todorico.com.py,Todo Rico,http://www.karuguasu.com/comer-en/todo-rico-centro/
info@todorico.com.py,Todo Rico,http://www.karuguasu.com/comer-en/todo-rico-central/
abbate06@gmail.com,Tres Caracolas,http://www.karuguasu.com/comer-en/tres-caracolas/
reservas@untoroysietevacas.com.py,Un toro y siete vacas,http://www.karuguasu.com/comer-en/un-toro-y-siete-vacas/
info@urbanianhostel.com,Urbanian,http://www.karuguasu.com/comer-en/urbanian/
complejoveranda@resortyacht.com.py,Veranda,http://www.karuguasu.com/comer-en/veranda/
complejoveranda@resortyacht.com.py,Veranda,http://www.karuguasu.com/comer-en/veranda/
info@victorino.com.py,Victorino,http://www.karuguasu.com/comer-en/victorino/
hola@elwalterio.com,Walterio,http://www.karuguasu.com/comer-en/walterio/
info@westfalia-paraguay.com,Westfalia,http://www.karuguasu.com/comer-en/westfalia/
wokindelivery@gmail.com,Wokin,http://www.karuguasu.com/comer-en/wokin/
yakitoribuffet@gmail.com,Yakitori Club,http://www.karuguasu.com/comer-en/yakitori-club/